geoid,name,B01003001,"B01003001, Error"
04000US36,New York,19994380,
86000US06390,"06390",53,39
86000US10001,"10001",27004,1827
86000US10002,"10002",76518,2894
86000US10003,"10003",53877,2579
86000US10004,"10004",4579,926
86000US10005,"10005",8801,1132
86000US10006,"10006",3736,497
86000US10007,"10007",7506,1114
86000US10009,"10009",58418,3009
86000US10010,"10010",32410,2681
86000US10011,"10011",50772,2368
86000US10012,"10012",21216,1420
86000US10013,"10013",29453,1909
86000US10014,"10014",29461,1737
86000US10016,"10016",54369,3189
86000US10017,"10017",14486,1498
86000US10018,"10018",8659,971
86000US10019,"10019",42766,2392
86000US10020,"10020",0,13
86000US10021,"10021",40642,2959
86000US10022,"10022",33586,2526
86000US10023,"10023",65706,3434
86000US10024,"10024",62774,3901
86000US10025,"10025",96988,4731
86000US10026,"10026",38265,2477
86000US10027,"10027",65806,3195
86000US10028,"10028",45717,3098
86000US10029,"10029",75614,3164
86000US10030,"10030",31268,1699
86000US10031,"10031",61044,3139
86000US10032,"10032",60480,3073
86000US10033,"10033",58711,3457
86000US10034,"10034",41570,2951
86000US10035,"10035",38595,2256
86000US10036,"10036",30930,1895
86000US10037,"10037",19138,1400
86000US10038,"10038",23343,2133
86000US10039,"10039",29887,2584
86000US10040,"10040",43653,2844
86000US10044,"10044",11846,1050
86000US10065,"10065",30859,2192
86000US10069,"10069",6259,1534
86000US10075,"10075",23920,2238
86000US10103,"10103",0,13
86000US10110,"10110",0,13
86000US10111,"10111",0,13
86000US10112,"10112",0,13
86000US10115,"10115",0,13
86000US10119,"10119",0,13
86000US10128,"10128",56695,3081
86000US10152,"10152",0,13
86000US10153,"10153",0,13
86000US10154,"10154",0,13
86000US10162,"10162",1523,724
86000US10165,"10165",0,13
86000US10167,"10167",0,13
86000US10168,"10168",0,13
86000US10169,"10169",0,13
86000US10170,"10170",0,13
86000US10171,"10171",0,13
86000US10172,"10172",0,13
86000US10173,"10173",0,13
86000US10174,"10174",0,13
86000US10177,"10177",0,13
86000US10199,"10199",0,13
86000US10271,"10271",0,13
86000US10278,"10278",0,13
86000US10279,"10279",161,159
86000US10280,"10280",8843,1359
86000US10282,"10282",6450,846
86000US10301,"10301",40331,2522
86000US10302,"10302",18567,1634
86000US10303,"10303",27083,1682
86000US10304,"10304",44864,2694
86000US10305,"10305",42211,2271
86000US10306,"10306",56232,2713
86000US10307,"10307",14755,1440
86000US10308,"10308",30075,2150
86000US10309,"10309",34740,2229
86000US10310,"10310",26239,2171
86000US10311,"10311",0,13
86000US10312,"10312",63473,2814
86000US10314,"10314",94355,2807
86000US10451,"10451",51311,2999
86000US10452,"10452",78624,3253
86000US10453,"10453",80385,3125
86000US10454,"10454",41073,2161
86000US10455,"10455",44380,2803
86000US10456,"10456",88575,4052
86000US10457,"10457",79817,3759
86000US10458,"10458",82678,3681
86000US10459,"10459",51964,3001
86000US10460,"10460",59852,2741
86000US10461,"10461",50868,2160
86000US10462,"10462",77230,2809
86000US10463,"10463",70296,2985
86000US10464,"10464",4292,801
86000US10465,"10465",46311,2368
86000US10466,"10466",72273,3432
86000US10467,"10467",98713,3929
86000US10468,"10468",81397,3732
86000US10469,"10469",71862,3122
86000US10470,"10470",15390,966
86000US10471,"10471",22888,1499
86000US10472,"10472",65283,2415
86000US10473,"10473",60087,2488
86000US10474,"10474",11280,1344
86000US10475,"10475",43517,3448
86000US10501,"10501",1416,545
86000US10502,"10502",5745,247
86000US10503,"10503",94,55
86000US10504,"10504",8047,500
86000US10505,"10505",1132,266
86000US10506,"10506",6340,692
86000US10507,"10507",6403,762
86000US10509,"10509",19832,881
86000US10510,"10510",10435,604
86000US10511,"10511",2281,365
86000US10512,"10512",24256,890
86000US10514,"10514",12867,1135
86000US10516,"10516",5585,411
86000US10517,"10517",417,162
86000US10518,"10518",830,318
86000US10519,"10519",122,197
86000US10520,"10520",12662,506
86000US10522,"10522",11508,51
86000US10523,"10523",9389,552
86000US10524,"10524",4344,382
86000US10526,"10526",1939,406
86000US10527,"10527",608,204
86000US10528,"10528",13352,1080
86000US10530,"10530",14090,1247
86000US10532,"10532",5040,445
86000US10533,"10533",7388,298
86000US10535,"10535",214,194
86000US10536,"10536",10797,1080
86000US10537,"10537",2961,598
86000US10538,"10538",17605,551
86000US10540,"10540",114,18
86000US10541,"10541",26116,903
86000US10542,"10542",0,13
86000US10543,"10543",21281,560
86000US10545,"10545",203,168
86000US10546,"10546",1022,337
86000US10547,"10547",7665,1109
86000US10548,"10548",4446,696
86000US10549,"10549",15800,923
86000US10550,"10550",40073,1474
86000US10552,"10552",22099,1560
86000US10553,"10553",10526,1430
86000US10560,"10560",4975,205
86000US10562,"10562",33538,884
86000US10566,"10566",25401,46
86000US10567,"10567",20069,950
86000US10570,"10570",13168,635
86000US10573,"10573",41139,79
86000US10576,"10576",4927,278
86000US10577,"10577",6145,542
86000US10578,"10578",1788,1168
86000US10579,"10579",8171,538
86000US10580,"10580",18077,325
86000US10583,"10583",41107,1618
86000US10588,"10588",3296,817
86000US10589,"10589",7159,770
86000US10590,"10590",7407,491
86000US10591,"10591",23912,615
86000US10594,"10594",5565,800
86000US10595,"10595",7213,577
86000US10596,"10596",796,296
86000US10597,"10597",642,244
86000US10598,"10598",29066,1083
86000US10601,"10601",11193,804
86000US10603,"10603",19239,1686
86000US10604,"10604",11799,1326
86000US10605,"10605",19800,1291
86000US10606,"10606",16429,1529
86000US10607,"10607",6764,922
86000US10701,"10701",68032,2916
86000US10703,"10703",23565,2257
86000US10704,"10704",32438,1844
86000US10705,"10705",38861,2626
86000US10706,"10706",9068,338
86000US10707,"10707",10209,493
86000US10708,"10708",22595,1355
86000US10709,"10709",10085,766
86000US10710,"10710",26099,1981
86000US10801,"10801",41724,1735
86000US10803,"10803",13283,374
86000US10804,"10804",15036,1148
86000US10805,"10805",20736,1616
86000US10901,"10901",25498,1217
86000US10910,"10910",0,13
86000US10911,"10911",12,18
86000US10913,"10913",5286,540
86000US10914,"10914",384,296
86000US10915,"10915",0,13
86000US10916,"10916",4445,447
86000US10917,"10917",1969,485
86000US10918,"10918",12152,835
86000US10919,"10919",1256,460
86000US10920,"10920",8605,908
86000US10921,"10921",4268,343
86000US10922,"10922",1289,425
86000US10923,"10923",8419,747
86000US10924,"10924",13965,392
86000US10925,"10925",4466,391
86000US10926,"10926",3909,556
86000US10927,"10927",12286,103
86000US10928,"10928",5208,495
86000US10930,"10930",10326,719
86000US10931,"10931",1131,309
86000US10932,"10932",43,48
86000US10933,"10933",401,245
86000US10940,"10940",51853,1228
86000US10941,"10941",14502,871
86000US10950,"10950",63011,1258
86000US10952,"10952",47509,2238
86000US10953,"10953",0,13
86000US10954,"10954",27587,1835
86000US10956,"10956",30738,1564
86000US10958,"10958",2925,411
86000US10960,"10960",14222,744
86000US10962,"10962",5125,722
86000US10963,"10963",4347,349
86000US10964,"10964",1525,388
86000US10965,"10965",15666,1169
86000US10968,"10968",2474,393
86000US10969,"10969",999,339
86000US10970,"10970",11571,889
86000US10973,"10973",2388,419
86000US10974,"10974",3335,145
86000US10975,"10975",246,197
86000US10976,"10976",2056,365
86000US10977,"10977",70555,2386
86000US10979,"10979",0,13
86000US10980,"10980",13702,462
86000US10983,"10983",5670,638
86000US10984,"10984",3079,525
86000US10985,"10985",42,46
86000US10986,"10986",1529,438
86000US10987,"10987",3809,196
86000US10988,"10988",683,265
86000US10989,"10989",8651,1145
86000US10990,"10990",20527,780
86000US10992,"10992",10284,949
86000US10993,"10993",4738,610
86000US10994,"10994",6357,889
86000US10996,"10996",6386,469
86000US10998,"10998",3548,376
86000US11001,"11001",26138,962
86000US11003,"11003",47515,2521
86000US11004,"11004",15702,1660
86000US11005,"11005",2175,395
86000US11010,"11010",25751,1885
86000US11020,"11020",6145,851
86000US11021,"11021",19623,795
86000US11023,"11023",9699,1081
86000US11024,"11024",9105,942
86000US11030,"11030",17168,1029
86000US11040,"11040",42140,1839
86000US11042,"11042",317,8
86000US11050,"11050",31920,1320
86000US11096,"11096",9567,1378
86000US11101,"11101",34279,1987
86000US11102,"11102",27069,1511
86000US11103,"11103",34752,1636
86000US11104,"11104",26939,1725
86000US11105,"11105",38756,1845
86000US11106,"11106",40198,2320
86000US11109,"11109",7280,1336
86000US11201,"11201",69755,2608
86000US11203,"11203",78506,2674
86000US11204,"11204",80575,3431
86000US11205,"11205",50319,2405
86000US11206,"11206",89949,3787
86000US11207,"11207",96801,3579
86000US11208,"11208",108180,4765
86000US11209,"11209",71812,2099
86000US11210,"11210",63426,2543
86000US11211,"11211",65511,3000
86000US11212,"11212",84006,4268
86000US11213,"11213",69131,2761
86000US11214,"11214",90796,3329
86000US11215,"11215",72014,2662
86000US11216,"11216",62373,2591
86000US11217,"11217",43045,1831
86000US11218,"11218",73318,3415
86000US11219,"11219",92283,3961
86000US11220,"11220",93008,4021
86000US11221,"11221",91236,4062
86000US11222,"11222",40137,1540
86000US11223,"11223",80113,3288
86000US11224,"11224",47893,2183
86000US11225,"11225",58476,3018
86000US11226,"11226",101053,4193
86000US11228,"11228",44196,2179
86000US11229,"11229",81109,2814
86000US11230,"11230",90245,2834
86000US11231,"11231",38829,2393
86000US11232,"11232",28137,1833
86000US11233,"11233",83125,3181
86000US11234,"11234",89976,2620
86000US11235,"11235",83069,2433
86000US11236,"11236",100082,3175
86000US11237,"11237",47183,2242
86000US11238,"11238",58047,2189
86000US11239,"11239",16808,1347
86000US11249,"11249",45087,2556
86000US11354,"11354",53371,2470
86000US11355,"11355",79495,3670
86000US11356,"11356",27632,2411
86000US11357,"11357",42792,2400
86000US11358,"11358",37647,1832
86000US11359,"11359",0,13
86000US11360,"11360",19719,2032
86000US11361,"11361",29544,1662
86000US11362,"11362",18426,1383
86000US11363,"11363",7365,897
86000US11364,"11364",38124,2509
86000US11365,"11365",46424,3089
86000US11366,"11366",13659,1199
86000US11367,"11367",43286,2553
86000US11368,"11368",112750,4176
86000US11369,"11369",32177,2165
86000US11370,"11370",28164,1827
86000US11371,"11371",0,13
86000US11372,"11372",67001,3622
86000US11373,"11373",102618,4063
86000US11374,"11374",47230,2597
86000US11375,"11375",75212,2813
86000US11377,"11377",86977,3486
86000US11378,"11378",39250,2021
86000US11379,"11379",38261,2216
86000US11385,"11385",105521,3422
86000US11411,"11411",21329,1276
86000US11412,"11412",40593,2216
86000US11413,"11413",44832,2316
86000US11414,"11414",30374,2727
86000US11415,"11415",20315,1678
86000US11416,"11416",27794,1667
86000US11417,"11417",31200,1918
86000US11418,"11418",38317,2602
86000US11419,"11419",48096,2319
86000US11420,"11420",51153,2472
86000US11421,"11421",41552,2428
86000US11422,"11422",32296,2193
86000US11423,"11423",29921,1975
86000US11424,"11424",0,13
86000US11426,"11426",19733,1817
86000US11427,"11427",25187,1980
86000US11428,"11428",19554,1481
86000US11429,"11429",27845,1856
86000US11430,"11430",332,15
86000US11432,"11432",64268,2272
86000US11433,"11433",38865,2665
86000US11434,"11434",68182,2804
86000US11435,"11435",59961,2658
86000US11436,"11436",21349,1382
86000US11439,"11439",2140,62
86000US11451,"11451",0,13
86000US11501,"11501",21434,361
86000US11507,"11507",7111,812
86000US11509,"11509",1682,374
86000US11510,"11510",35070,2100
86000US11514,"11514",5040,681
86000US11516,"11516",8450,604
86000US11518,"11518",10294,566
86000US11520,"11520",44876,411
86000US11530,"11530",28207,696
86000US11542,"11542",29095,349
86000US11545,"11545",12068,954
86000US11547,"11547",585,255
86000US11548,"11548",2230,305
86000US11549,"11549",2508,146
86000US11550,"11550",60668,434
86000US11552,"11552",26043,1801
86000US11553,"11553",27886,2012
86000US11554,"11554",36856,2257
86000US11556,"11556",0,13
86000US11557,"11557",8290,1142
86000US11558,"11558",8660,464
86000US11559,"11559",8732,659
86000US11560,"11560",7043,796
86000US11561,"11561",38755,538
86000US11563,"11563",22055,423
86000US11565,"11565",9013,423
86000US11566,"11566",33976,1455
86000US11568,"11568",4272,141
86000US11569,"11569",1110,327
86000US11570,"11570",28262,591
86000US11572,"11572",29961,1226
86000US11575,"11575",19102,1630
86000US11576,"11576",12506,885
86000US11577,"11577",12399,1212
86000US11579,"11579",5062,28
86000US11580,"11580",43396,2125
86000US11581,"11581",22770,1471
86000US11590,"11590",47951,2257
86000US11596,"11596",10520,418
86000US11598,"11598",14531,1523
86000US11691,"11691",70365,3335
86000US11692,"11692",24584,1866
86000US11693,"11693",13558,1351
86000US11694,"11694",21788,1729
86000US11697,"11697",3946,855
86000US11701,"11701",27874,1618
86000US11702,"11702",14044,766
86000US11703,"11703",17414,1913
86000US11704,"11704",39753,1681
86000US11705,"11705",8409,770
86000US11706,"11706",65437,2983
86000US11709,"11709",6763,22
86000US11710,"11710",34950,2168
86000US11713,"11713",8905,830
86000US11714,"11714",22444,1595
86000US11715,"11715",3786,455
86000US11716,"11716",10074,974
86000US11717,"11717",64969,2882
86000US11718,"11718",3181,18
86000US11719,"11719",3519,504
86000US11720,"11720",29193,1952
86000US11721,"11721",6569,679
86000US11722,"11722",37032,2420
86000US11724,"11724",2874,434
86000US11725,"11725",28735,1552
86000US11726,"11726",22059,2029
86000US11727,"11727",30058,1865
86000US11729,"11729",26608,1499
86000US11730,"11730",14168,1153
86000US11731,"11731",30714,2046
86000US11732,"11732",3546,505
86000US11733,"11733",17304,1300
86000US11735,"11735",32716,1497
86000US11738,"11738",20077,2140
86000US11739,"11739",1400,318
86000US11740,"11740",11010,863
86000US11741,"11741",27632,2008
86000US11742,"11742",13448,1245
86000US11743,"11743",41423,2161
86000US11746,"11746",67663,2010
86000US11747,"11747",19605,1590
86000US11749,"11749",3568,39
86000US11751,"11751",13501,1237
86000US11752,"11752",9164,671
86000US11753,"11753",13087,1255
86000US11754,"11754",18431,1047
86000US11755,"11755",12227,456
86000US11756,"11756",42459,1950
86000US11757,"11757",45082,1452
86000US11758,"11758",54201,2177
86000US11762,"11762",22440,609
86000US11763,"11763",29765,2404
86000US11764,"11764",12711,1555
86000US11765,"11765",708,193
86000US11766,"11766",11476,1034
86000US11767,"11767",14493,1383
86000US11768,"11768",21333,1328
86000US11769,"11769",9081,923
86000US11770,"11770",112,59
86000US11771,"11771",10068,1139
86000US11772,"11772",45345,2185
86000US11776,"11776",24119,1828
86000US11777,"11777",9257,232
86000US11778,"11778",12496,1385
86000US11779,"11779",38654,2169
86000US11780,"11780",15617,1130
86000US11782,"11782",15113,1280
86000US11783,"11783",21916,1310
86000US11784,"11784",25425,1480
86000US11786,"11786",6559,1103
86000US11787,"11787",34408,1639
86000US11788,"11788",17017,1267
86000US11789,"11789",7434,987
86000US11790,"11790",19282,1359
86000US11791,"11791",25631,1495
86000US11792,"11792",8595,1023
86000US11793,"11793",30865,1611
86000US11794,"11794",1425,420
86000US11795,"11795",25650,1790
86000US11796,"11796",3843,532
86000US11797,"11797",9203,901
86000US11798,"11798",18355,1355
86000US11801,"11801",41967,2118
86000US11803,"11803",30298,1497
86000US11804,"11804",4443,590
86000US11901,"11901",32330,1859
86000US11930,"11930",741,188
86000US11931,"11931",0,13
86000US11932,"11932",1032,367
86000US11933,"11933",6975,921
86000US11934,"11934",7778,1018
86000US11935,"11935",2847,437
86000US11937,"11937",21040,1155
86000US11939,"11939",1564,406
86000US11940,"11940",5462,601
86000US11941,"11941",2493,473
86000US11942,"11942",5620,801
86000US11944,"11944",4799,460
86000US11946,"11946",17517,1697
86000US11947,"11947",153,239
86000US11948,"11948",535,270
86000US11949,"11949",13194,1342
86000US11950,"11950",16379,1498
86000US11951,"11951",14969,2178
86000US11952,"11952",5231,907
86000US11953,"11953",13701,1321
86000US11954,"11954",4322,942
86000US11955,"11955",2857,264
86000US11956,"11956",305,119
86000US11957,"11957",1220,257
86000US11958,"11958",893,256
86000US11959,"11959",632,224
86000US11960,"11960",962,263
86000US11961,"11961",13126,1275
86000US11962,"11962",344,156
86000US11963,"11963",8445,1100
86000US11964,"11964",3129,485
86000US11965,"11965",491,318
86000US11967,"11967",26860,2555
86000US11968,"11968",13623,1442
86000US11970,"11970",563,400
86000US11971,"11971",6286,838
86000US11972,"11972",413,255
86000US11973,"11973",39,4
86000US11975,"11975",426,178
86000US11976,"11976",2437,618
86000US11977,"11977",3069,703
86000US11978,"11978",3969,549
86000US11980,"11980",5144,850
86000US12007,"12007",325,187
86000US12008,"12008",427,258
86000US12009,"12009",8322,667
86000US12010,"12010",27213,651
86000US12015,"12015",4135,376
86000US12017,"12017",419,115
86000US12018,"12018",7300,706
86000US12019,"12019",15280,1087
86000US12020,"12020",34571,1022
86000US12022,"12022",1038,261
86000US12023,"12023",2374,391
86000US12024,"12024",83,57
86000US12025,"12025",5260,385
86000US12027,"12027",4244,749
86000US12028,"12028",1082,330
86000US12029,"12029",991,148
86000US12031,"12031",191,94
86000US12032,"12032",737,180
86000US12033,"12033",7640,720
86000US12035,"12035",484,165
86000US12036,"12036",220,118
86000US12037,"12037",4083,541
86000US12040,"12040",28,20
86000US12041,"12041",319,199
86000US12042,"12042",297,160
86000US12043,"12043",7719,445
86000US12045,"12045",467,294
86000US12046,"12046",519,225
86000US12047,"12047",23293,758
86000US12051,"12051",6050,542
86000US12052,"12052",1974,582
86000US12053,"12053",4253,640
86000US12054,"12054",16995,1062
86000US12056,"12056",2029,441
86000US12057,"12057",1997,506
86000US12058,"12058",1163,268
86000US12059,"12059",1417,280
86000US12060,"12060",1813,405
86000US12061,"12061",10179,905
86000US12062,"12062",1662,347
86000US12063,"12063",609,299
86000US12064,"12064",254,121
86000US12065,"12065",44563,1152
86000US12066,"12066",1834,299
86000US12067,"12067",1457,434
86000US12068,"12068",2509,310
86000US12069,"12069",483,332
86000US12070,"12070",2499,582
86000US12071,"12071",217,82
86000US12072,"12072",2992,267
86000US12074,"12074",2956,472
86000US12075,"12075",3159,408
86000US12076,"12076",1271,170
86000US12077,"12077",6752,677
86000US12078,"12078",23144,772
86000US12082,"12082",2,3
86000US12083,"12083",3900,531
86000US12084,"12084",5069,550
86000US12085,"12085",255,92
86000US12086,"12086",1648,389
86000US12087,"12087",1279,376
86000US12090,"12090",5782,456
86000US12092,"12092",1604,326
86000US12093,"12093",1385,229
86000US12094,"12094",2676,654
86000US12095,"12095",12586,613
86000US12106,"12106",2171,291
86000US12108,"12108",408,100
86000US12110,"12110",19744,1169
86000US12115,"12115",95,61
86000US12116,"12116",1351,310
86000US12117,"12117",2716,379
86000US12118,"12118",16557,971
86000US12120,"12120",635,175
86000US12121,"12121",2358,759
86000US12122,"12122",3585,392
86000US12123,"12123",4938,706
86000US12124,"12124",246,189
86000US12125,"12125",1092,197
86000US12130,"12130",431,230
86000US12131,"12131",188,63
86000US12132,"12132",133,95
86000US12134,"12134",4304,392
86000US12136,"12136",790,234
86000US12137,"12137",2035,476
86000US12138,"12138",2922,310
86000US12139,"12139",286,90
86000US12140,"12140",1412,242
86000US12143,"12143",5443,460
86000US12144,"12144",21808,1012
86000US12147,"12147",412,120
86000US12148,"12148",4371,498
86000US12149,"12149",2208,306
86000US12150,"12150",589,206
86000US12151,"12151",871,249
86000US12153,"12153",703,302
86000US12154,"12154",2820,538
86000US12155,"12155",1748,292
86000US12156,"12156",831,322
86000US12157,"12157",4574,415
86000US12158,"12158",6045,618
86000US12159,"12159",8663,896
86000US12160,"12160",834,209
86000US12161,"12161",35,46
86000US12164,"12164",485,73
86000US12165,"12165",198,79
86000US12166,"12166",1505,191
86000US12167,"12167",2414,274
86000US12168,"12168",1749,269
86000US12169,"12169",379,200
86000US12170,"12170",5225,717
86000US12172,"12172",211,155
86000US12173,"12173",2038,278
86000US12174,"12174",588,357
86000US12175,"12175",700,224
86000US12176,"12176",366,183
86000US12177,"12177",455,258
86000US12180,"12180",53807,1413
86000US12182,"12182",14790,1063
86000US12183,"12183",2968,16
86000US12184,"12184",7288,439
86000US12185,"12185",1785,456
86000US12186,"12186",6325,356
86000US12187,"12187",701,282
86000US12188,"12188",11615,599
86000US12189,"12189",18461,907
86000US12190,"12190",641,149
86000US12192,"12192",1496,401
86000US12193,"12193",1674,392
86000US12194,"12194",177,93
86000US12195,"12195",184,171
86000US12196,"12196",3954,630
86000US12197,"12197",1951,423
86000US12198,"12198",7150,734
86000US12202,"12202",9700,1148
86000US12203,"12203",30545,1522
86000US12204,"12204",8728,644
86000US12205,"12205",26436,1215
86000US12206,"12206",14793,1233
86000US12207,"12207",2337,421
86000US12208,"12208",23128,1359
86000US12209,"12209",10427,1136
86000US12210,"12210",9873,1236
86000US12211,"12211",13254,1140
86000US12222,"12222",6358,233
86000US12226,"12226",0,13
86000US12302,"12302",27915,447
86000US12303,"12303",29680,1387
86000US12304,"12304",21901,1656
86000US12305,"12305",6922,815
86000US12306,"12306",27735,1328
86000US12307,"12307",7863,894
86000US12308,"12308",14367,1048
86000US12309,"12309",33332,1173
86000US12401,"12401",35138,848
86000US12404,"12404",3864,583
86000US12405,"12405",550,202
86000US12406,"12406",590,214
86000US12407,"12407",132,67
86000US12409,"12409",958,281
86000US12410,"12410",329,148
86000US12411,"12411",377,175
86000US12412,"12412",537,271
86000US12413,"12413",3144,501
86000US12414,"12414",10065,574
86000US12416,"12416",205,118
86000US12417,"12417",873,301
86000US12418,"12418",294,103
86000US12419,"12419",881,343
86000US12420,"12420",351,306
86000US12421,"12421",224,123
86000US12422,"12422",398,205
86000US12423,"12423",1255,281
86000US12424,"12424",261,93
86000US12427,"12427",1025,388
86000US12428,"12428",7032,420
86000US12429,"12429",153,251
86000US12430,"12430",1341,307
86000US12431,"12431",1845,380
86000US12432,"12432",581,335
86000US12433,"12433",628,279
86000US12434,"12434",984,285
86000US12435,"12435",231,122
86000US12436,"12436",430,242
86000US12438,"12438",48,54
86000US12439,"12439",297,130
86000US12440,"12440",1493,339
86000US12441,"12441",105,93
86000US12442,"12442",648,236
86000US12443,"12443",3582,463
86000US12444,"12444",538,210
86000US12446,"12446",4894,632
86000US12448,"12448",142,101
86000US12449,"12449",3193,472
86000US12450,"12450",221,138
86000US12451,"12451",1044,408
86000US12452,"12452",27,30
86000US12453,"12453",240,282
86000US12454,"12454",456,140
86000US12455,"12455",1810,315
86000US12456,"12456",728,235
86000US12457,"12457",1283,266
86000US12458,"12458",3501,533
86000US12459,"12459",68,54
86000US12460,"12460",215,95
86000US12461,"12461",1371,447
86000US12463,"12463",1341,394
86000US12464,"12464",1093,267
86000US12465,"12465",384,156
86000US12466,"12466",2070,408
86000US12468,"12468",1325,178
86000US12469,"12469",803,260
86000US12470,"12470",778,337
86000US12471,"12471",268,301
86000US12472,"12472",1177,390
86000US12473,"12473",663,265
86000US12474,"12474",856,176
86000US12475,"12475",460,273
86000US12477,"12477",18557,617
86000US12480,"12480",324,145
86000US12481,"12481",1493,558
86000US12482,"12482",550,417
86000US12483,"12483",71,48
86000US12484,"12484",3373,460
86000US12485,"12485",904,344
86000US12486,"12486",1760,562
86000US12487,"12487",3935,584
86000US12489,"12489",154,125
86000US12490,"12490",0,13
86000US12491,"12491",2059,441
86000US12492,"12492",181,70
86000US12493,"12493",324,351
86000US12494,"12494",865,505
86000US12495,"12495",87,60
86000US12496,"12496",1311,226
86000US12498,"12498",4580,350
86000US12501,"12501",2170,417
86000US12502,"12502",1147,276
86000US12503,"12503",787,133
86000US12504,"12504",1152,60
86000US12507,"12507",238,119
86000US12508,"12508",19152,494
86000US12512,"12512",184,139
86000US12513,"12513",154,117
86000US12514,"12514",2980,458
86000US12515,"12515",1567,511
86000US12516,"12516",1859,323
86000US12517,"12517",384,243
86000US12518,"12518",5861,593
86000US12520,"12520",3088,58
86000US12521,"12521",1607,415
86000US12522,"12522",4775,681
86000US12523,"12523",1986,347
86000US12524,"12524",15609,610
86000US12525,"12525",1739,472
86000US12526,"12526",3519,411
86000US12527,"12527",16,26
86000US12528,"12528",13358,689
86000US12529,"12529",2296,320
86000US12530,"12530",283,401
86000US12531,"12531",2590,495
86000US12533,"12533",26249,813
86000US12534,"12534",17792,731
86000US12538,"12538",14066,901
86000US12540,"12540",9297,962
86000US12542,"12542",5490,551
86000US12543,"12543",3135,48
86000US12544,"12544",33,54
86000US12545,"12545",4521,277
86000US12546,"12546",2700,140
86000US12547,"12547",3277,575
86000US12548,"12548",1074,417
86000US12549,"12549",10635,1003
86000US12550,"12550",55404,1048
86000US12553,"12553",27409,880
86000US12561,"12561",18136,547
86000US12563,"12563",7691,709
86000US12564,"12564",7700,451
86000US12565,"12565",1559,374
86000US12566,"12566",12407,758
86000US12567,"12567",2347,207
86000US12569,"12569",9603,553
86000US12570,"12570",6923,675
86000US12571,"12571",9235,340
86000US12572,"12572",9287,431
86000US12574,"12574",293,172
86000US12575,"12575",1584,505
86000US12577,"12577",1552,453
86000US12578,"12578",2125,321
86000US12580,"12580",4556,635
86000US12581,"12581",2041,366
86000US12582,"12582",6168,513
86000US12583,"12583",1832,237
86000US12585,"12585",842,243
86000US12586,"12586",12802,742
86000US12589,"12589",19584,1499
86000US12590,"12590",36816,1022
86000US12592,"12592",1429,392
86000US12594,"12594",4117,580
86000US12601,"12601",43623,1371
86000US12603,"12603",42215,1372
86000US12604,"12604",1978,192
86000US12701,"12701",12448,497
86000US12719,"12719",1132,261
86000US12720,"12720",274,260
86000US12721,"12721",7872,811
86000US12722,"12722",0,13
86000US12723,"12723",1776,600
86000US12724,"12724",78,74
86000US12725,"12725",323,109
86000US12726,"12726",1357,373
86000US12729,"12729",1382,494
86000US12732,"12732",830,278
86000US12733,"12733",1996,293
86000US12734,"12734",1016,432
86000US12736,"12736",122,103
86000US12737,"12737",1625,336
86000US12738,"12738",359,221
86000US12740,"12740",1695,335
86000US12741,"12741",168,95
86000US12742,"12742",194,149
86000US12743,"12743",310,113
86000US12745,"12745",5,7
86000US12746,"12746",600,230
86000US12747,"12747",2026,575
86000US12748,"12748",1751,681
86000US12749,"12749",539,375
86000US12750,"12750",36,31
86000US12751,"12751",1151,300
86000US12752,"12752",302,130
86000US12754,"12754",7800,597
86000US12758,"12758",3857,490
86000US12759,"12759",2145,551
86000US12760,"12760",425,184
86000US12762,"12762",350,245
86000US12763,"12763",470,168
86000US12764,"12764",1713,242
86000US12765,"12765",891,282
86000US12766,"12766",658,259
86000US12767,"12767",225,172
86000US12768,"12768",866,263
86000US12769,"12769",363,208
86000US12770,"12770",180,90
86000US12771,"12771",14454,516
86000US12775,"12775",2474,383
86000US12776,"12776",2072,341
86000US12777,"12777",846,147
86000US12778,"12778",402,255
86000US12779,"12779",2304,639
86000US12780,"12780",2268,432
86000US12781,"12781",202,144
86000US12783,"12783",1409,345
86000US12784,"12784",0,13
86000US12785,"12785",1041,616
86000US12786,"12786",568,266
86000US12787,"12787",97,88
86000US12788,"12788",2841,436
86000US12789,"12789",2336,446
86000US12790,"12790",4226,558
86000US12791,"12791",690,429
86000US12792,"12792",167,101
86000US12801,"12801",14754,24
86000US12803,"12803",8828,509
86000US12804,"12804",27805,321
86000US12808,"12808",201,58
86000US12809,"12809",3612,138
86000US12810,"12810",537,110
86000US12811,"12811",225,133
86000US12812,"12812",349,193
86000US12814,"12814",1135,225
86000US12815,"12815",1099,178
86000US12816,"12816",4626,325
86000US12817,"12817",1951,263
86000US12819,"12819",286,89
86000US12820,"12820",102,89
86000US12821,"12821",2378,159
86000US12822,"12822",6200,356
86000US12823,"12823",502,366
86000US12824,"12824",1088,236
86000US12827,"12827",3673,303
86000US12828,"12828",9590,731
86000US12831,"12831",18318,1124
86000US12832,"12832",6486,424
86000US12833,"12833",5233,508
86000US12834,"12834",6261,459
86000US12835,"12835",2545,245
86000US12836,"12836",461,119
86000US12837,"12837",879,363
86000US12838,"12838",721,232
86000US12839,"12839",13764,383
86000US12841,"12841",95,42
86000US12842,"12842",705,154
86000US12843,"12843",678,153
86000US12844,"12844",293,132
86000US12845,"12845",4573,340
86000US12846,"12846",3004,90
86000US12847,"12847",687,141
86000US12849,"12849",425,215
86000US12850,"12850",2729,446
86000US12851,"12851",319,81
86000US12852,"12852",365,80
86000US12853,"12853",1379,341
86000US12854,"12854",98,124
86000US12855,"12855",207,67
86000US12856,"12856",313,165
86000US12857,"12857",738,144
86000US12858,"12858",146,71
86000US12859,"12859",1855,474
86000US12860,"12860",364,136
86000US12861,"12861",556,75
86000US12862,"12862",266,141
86000US12863,"12863",883,396
86000US12864,"12864",9,12
86000US12865,"12865",3448,380
86000US12866,"12866",38813,1028
86000US12870,"12870",1690,279
86000US12871,"12871",4197,446
86000US12872,"12872",103,119
86000US12873,"12873",875,257
86000US12874,"12874",155,58
86000US12878,"12878",767,173
86000US12883,"12883",4797,47
86000US12884,"12884",591,183
86000US12885,"12885",4411,165
86000US12886,"12886",231,117
86000US12887,"12887",4720,198
86000US12901,"12901",32431,896
86000US12903,"12903",1705,245
86000US12910,"12910",1886,256
86000US12911,"12911",0,13
86000US12912,"12912",1809,437
86000US12913,"12913",1077,235
86000US12914,"12914",876,314
86000US12915,"12915",58,44
86000US12916,"12916",2375,390
86000US12917,"12917",1232,233
86000US12918,"12918",2607,562
86000US12919,"12919",2716,357
86000US12920,"12920",2429,309
86000US12921,"12921",2870,490
86000US12922,"12922",37,23
86000US12923,"12923",506,150
86000US12924,"12924",325,278
86000US12926,"12926",2325,284
86000US12927,"12927",295,99
86000US12928,"12928",1869,348
86000US12929,"12929",3433,267
86000US12930,"12930",843,204
86000US12932,"12932",1090,220
86000US12933,"12933",27,28
86000US12934,"12934",1197,212
86000US12935,"12935",1406,313
86000US12936,"12936",671,139
86000US12937,"12937",1464,274
86000US12939,"12939",141,51
86000US12941,"12941",1692,243
86000US12942,"12942",516,120
86000US12943,"12943",300,117
86000US12944,"12944",3887,649
86000US12945,"12945",528,242
86000US12946,"12946",4774,261
86000US12950,"12950",668,145
86000US12952,"12952",265,173
86000US12953,"12953",13323,246
86000US12955,"12955",345,112
86000US12956,"12956",1248,462
86000US12957,"12957",1647,336
86000US12958,"12958",1829,339
86000US12959,"12959",1618,314
86000US12960,"12960",900,411
86000US12961,"12961",97,111
86000US12962,"12962",5051,840
86000US12964,"12964",96,53
86000US12965,"12965",272,72
86000US12966,"12966",3152,466
86000US12967,"12967",1226,223
86000US12969,"12969",219,70
86000US12970,"12970",937,90
86000US12972,"12972",7049,570
86000US12973,"12973",169,68
86000US12974,"12974",2054,521
86000US12975,"12975",210,87
86000US12976,"12976",175,60
86000US12977,"12977",1324,53
86000US12978,"12978",256,194
86000US12979,"12979",2534,359
86000US12980,"12980",1118,168
86000US12981,"12981",2397,335
86000US12983,"12983",7336,399
86000US12985,"12985",915,311
86000US12986,"12986",5356,74
86000US12987,"12987",152,78
86000US12989,"12989",970,187
86000US12992,"12992",3774,611
86000US12993,"12993",1634,380
86000US12996,"12996",1983,368
86000US12997,"12997",1217,243
86000US12998,"12998",294,210
86000US13020,"13020",107,36
86000US13021,"13021",37640,370
86000US13024,"13024",1380,91
86000US13026,"13026",1737,190
86000US13027,"13027",35432,1011
86000US13028,"13028",809,343
86000US13029,"13029",7878,799
86000US13030,"13030",4008,735
86000US13031,"13031",15741,723
86000US13032,"13032",12902,739
86000US13033,"13033",3661,352
86000US13034,"13034",2022,244
86000US13035,"13035",8476,426
86000US13036,"13036",9020,636
86000US13037,"13037",9669,728
86000US13039,"13039",17033,882
86000US13040,"13040",2620,312
86000US13041,"13041",11902,733
86000US13042,"13042",2012,465
86000US13044,"13044",3026,393
86000US13045,"13045",28157,758
86000US13051,"13051",37,55
86000US13052,"13052",1763,370
86000US13053,"13053",4717,392
86000US13054,"13054",1218,404
86000US13057,"13057",14329,658
86000US13060,"13060",2731,406
86000US13061,"13061",627,119
86000US13062,"13062",212,174
86000US13063,"13063",1696,299
86000US13065,"13065",222,174
86000US13066,"13066",12752,694
86000US13068,"13068",4778,545
86000US13069,"13069",23378,796
86000US13071,"13071",864,154
86000US13072,"13072",838,129
86000US13073,"13073",6514,571
86000US13074,"13074",4453,270
86000US13076,"13076",2416,476
86000US13077,"13077",6646,466
86000US13078,"13078",10867,832
86000US13080,"13080",3519,453
86000US13081,"13081",1114,201
86000US13082,"13082",3750,479
86000US13083,"13083",1989,300
86000US13084,"13084",3801,578
86000US13087,"13087",161,120
86000US13088,"13088",21914,922
86000US13090,"13090",29344,1236
86000US13092,"13092",2726,411
86000US13101,"13101",2410,375
86000US13102,"13102",52,63
86000US13103,"13103",226,120
86000US13104,"13104",16753,715
86000US13108,"13108",6284,407
86000US13110,"13110",2389,345
86000US13111,"13111",1790,406
86000US13112,"13112",1728,611
86000US13113,"13113",52,23
86000US13114,"13114",7397,548
86000US13115,"13115",225,78
86000US13116,"13116",3652,35
86000US13117,"13117",279,86
86000US13118,"13118",5811,279
86000US13119,"13119",0,13
86000US13120,"13120",2218,369
86000US13121,"13121",0,13
86000US13122,"13122",982,227
86000US13123,"13123",32,47
86000US13124,"13124",102,41
86000US13126,"13126",36278,641
86000US13131,"13131",3115,387
86000US13132,"13132",3495,371
86000US13134,"13134",132,117
86000US13135,"13135",6296,570
86000US13136,"13136",329,105
86000US13138,"13138",139,149
86000US13140,"13140",4335,389
86000US13141,"13141",655,153
86000US13142,"13142",6044,568
86000US13143,"13143",2354,397
86000US13144,"13144",1323,279
86000US13145,"13145",1595,296
86000US13146,"13146",2176,332
86000US13147,"13147",929,163
86000US13148,"13148",10854,354
86000US13152,"13152",7700,323
86000US13153,"13153",337,217
86000US13154,"13154",34,47
86000US13155,"13155",567,112
86000US13156,"13156",2169,327
86000US13157,"13157",535,221
86000US13158,"13158",1352,217
86000US13159,"13159",5243,377
86000US13160,"13160",2262,414
86000US13162,"13162",409,305
86000US13163,"13163",332,92
86000US13164,"13164",2720,575
86000US13165,"13165",9511,427
86000US13166,"13166",5758,356
86000US13167,"13167",2982,416
86000US13202,"13202",7331,638
86000US13203,"13203",16884,932
86000US13204,"13204",19550,1200
86000US13205,"13205",18069,1198
86000US13206,"13206",16713,1004
86000US13207,"13207",12784,899
86000US13208,"13208",23094,1704
86000US13209,"13209",13171,665
86000US13210,"13210",19144,1260
86000US13211,"13211",5968,608
86000US13212,"13212",20638,1025
86000US13214,"13214",8899,830
86000US13215,"13215",14317,655
86000US13219,"13219",15557,868
86000US13224,"13224",8881,806
86000US13244,"13244",8384,608
86000US13290,"13290",0,13
86000US13301,"13301",156,110
86000US13302,"13302",1377,266
86000US13303,"13303",1295,405
86000US13304,"13304",1919,395
86000US13305,"13305",201,105
86000US13308,"13308",4429,515
86000US13309,"13309",5805,225
86000US13310,"13310",837,411
86000US13312,"13312",308,81
86000US13313,"13313",597,216
86000US13314,"13314",153,166
86000US13315,"13315",1404,233
86000US13316,"13316",5912,352
86000US13317,"13317",4002,192
86000US13318,"13318",1056,206
86000US13319,"13319",550,334
86000US13320,"13320",2085,335
86000US13321,"13321",803,261
86000US13322,"13322",1073,218
86000US13323,"13323",11151,591
86000US13324,"13324",1653,189
86000US13325,"13325",929,158
86000US13326,"13326",4698,318
86000US13327,"13327",2230,308
86000US13328,"13328",1451,310
86000US13329,"13329",3555,307
86000US13331,"13331",69,43
86000US13332,"13332",2878,495
86000US13333,"13333",57,26
86000US13334,"13334",943,266
86000US13335,"13335",1355,188
86000US13337,"13337",653,203
86000US13338,"13338",1242,322
86000US13339,"13339",6084,361
86000US13340,"13340",7479,443
86000US13342,"13342",275,188
86000US13343,"13343",1625,215
86000US13345,"13345",175,94
86000US13346,"13346",6244,483
86000US13348,"13348",1669,404
86000US13350,"13350",9695,76
86000US13352,"13352",29,49
86000US13353,"13353",41,22
86000US13354,"13354",3285,458
86000US13355,"13355",1139,420
86000US13357,"13357",10301,390
86000US13360,"13360",128,96
86000US13361,"13361",661,149
86000US13363,"13363",2409,442
86000US13364,"13364",232,115
86000US13365,"13365",8449,458
86000US13367,"13367",8682,334
86000US13368,"13368",1121,172
86000US13402,"13402",1087,291
86000US13403,"13403",7087,559
86000US13404,"13404",127,61
86000US13406,"13406",492,133
86000US13407,"13407",5140,346
86000US13408,"13408",3383,276
86000US13409,"13409",1976,246
86000US13410,"13410",536,181
86000US13411,"13411",2743,367
86000US13413,"13413",16282,750
86000US13415,"13415",82,49
86000US13416,"13416",2235,291
86000US13417,"13417",3103,613
86000US13418,"13418",212,169
86000US13420,"13420",1092,324
86000US13421,"13421",12857,430
86000US13424,"13424",2274,262
86000US13425,"13425",1762,199
86000US13428,"13428",1533,265
86000US13431,"13431",1939,273
86000US13433,"13433",1647,255
86000US13435,"13435",275,155
86000US13436,"13436",107,36
86000US13437,"13437",307,61
86000US13438,"13438",2994,380
86000US13439,"13439",3715,452
86000US13440,"13440",41198,819
86000US13441,"13441",222,125
86000US13450,"13450",252,132
86000US13452,"13452",4874,246
86000US13454,"13454",732,320
86000US13455,"13455",46,53
86000US13456,"13456",3977,419
86000US13457,"13457",32,20
86000US13459,"13459",2048,232
86000US13460,"13460",4293,201
86000US13461,"13461",3158,154
86000US13464,"13464",1245,275
86000US13468,"13468",291,124
86000US13469,"13469",1317,411
86000US13470,"13470",710,158
86000US13471,"13471",2656,217
86000US13472,"13472",340,251
86000US13473,"13473",1128,226
86000US13475,"13475",39,24
86000US13476,"13476",2975,649
86000US13477,"13477",1485,344
86000US13478,"13478",3040,566
86000US13480,"13480",3426,345
86000US13482,"13482",63,42
86000US13483,"13483",454,231
86000US13484,"13484",29,46
86000US13485,"13485",1635,350
86000US13486,"13486",738,148
86000US13488,"13488",141,64
86000US13489,"13489",533,121
86000US13490,"13490",1181,428
86000US13491,"13491",3853,341
86000US13492,"13492",11395,461
86000US13493,"13493",2205,404
86000US13494,"13494",222,69
86000US13495,"13495",2081,328
86000US13501,"13501",40152,1625
86000US13502,"13502",33962,1651
86000US13601,"13601",38332,744
86000US13602,"13602",2798,276
86000US13603,"13603",14050,731
86000US13605,"13605",5261,510
86000US13606,"13606",2423,512
86000US13607,"13607",1750,331
86000US13608,"13608",1818,327
86000US13611,"13611",312,125
86000US13612,"13612",2703,450
86000US13613,"13613",2604,246
86000US13614,"13614",345,142
86000US13615,"13615",586,195
86000US13616,"13616",1936,605
86000US13617,"13617",12124,510
86000US13618,"13618",1814,169
86000US13619,"13619",10625,485
86000US13620,"13620",2066,328
86000US13621,"13621",578,260
86000US13622,"13622",1985,297
86000US13623,"13623",51,36
86000US13624,"13624",4933,408
86000US13625,"13625",1551,209
86000US13626,"13626",2282,295
86000US13628,"13628",268,129
86000US13630,"13630",1443,447
86000US13632,"13632",107,124
86000US13633,"13633",318,126
86000US13634,"13634",3947,455
86000US13635,"13635",1244,277
86000US13636,"13636",177,71
86000US13637,"13637",4493,469
86000US13638,"13638",372,311
86000US13639,"13639",24,23
86000US13640,"13640",302,109
86000US13641,"13641",54,31
86000US13642,"13642",9237,391
86000US13643,"13643",60,73
86000US13645,"13645",0,13
86000US13646,"13646",2257,427
86000US13647,"13647",150,130
86000US13648,"13648",2007,298
86000US13649,"13649",37,42
86000US13650,"13650",1355,270
86000US13651,"13651",126,56
86000US13652,"13652",1796,457
86000US13654,"13654",2380,348
86000US13655,"13655",3669,30
86000US13656,"13656",3230,491
86000US13658,"13658",2326,481
86000US13659,"13659",379,103
86000US13660,"13660",1849,305
86000US13661,"13661",1825,238
86000US13662,"13662",16117,368
86000US13664,"13664",404,107
86000US13665,"13665",812,290
86000US13666,"13666",216,96
86000US13667,"13667",3171,384
86000US13668,"13668",3200,427
86000US13669,"13669",16044,1035
86000US13670,"13670",383,120
86000US13672,"13672",376,132
86000US13673,"13673",2163,277
86000US13674,"13674",137,131
86000US13675,"13675",61,73
86000US13676,"13676",14179,740
86000US13678,"13678",105,88
86000US13679,"13679",1108,226
86000US13680,"13680",1398,460
86000US13681,"13681",971,218
86000US13682,"13682",845,193
86000US13683,"13683",66,87
86000US13684,"13684",1172,258
86000US13685,"13685",2187,249
86000US13687,"13687",505,147
86000US13690,"13690",773,167
86000US13691,"13691",3123,218
86000US13692,"13692",216,152
86000US13693,"13693",294,123
86000US13694,"13694",1253,274
86000US13695,"13695",200,78
86000US13696,"13696",174,166
86000US13697,"13697",1879,504
86000US13699,"13699",2021,25
86000US13730,"13730",2871,186
86000US13731,"13731",1002,175
86000US13732,"13732",7607,517
86000US13733,"13733",5049,370
86000US13734,"13734",2372,547
86000US13736,"13736",1807,247
86000US13738,"13738",44,47
86000US13739,"13739",801,186
86000US13740,"13740",560,118
86000US13743,"13743",3394,370
86000US13744,"13744",1359,405
86000US13746,"13746",2142,365
86000US13747,"13747",29,42
86000US13748,"13748",3760,420
86000US13750,"13750",711,250
86000US13751,"13751",209,187
86000US13752,"13752",868,257
86000US13753,"13753",5593,209
86000US13754,"13754",2656,334
86000US13755,"13755",888,213
86000US13756,"13756",694,208
86000US13757,"13757",1274,266
86000US13760,"13760",43240,781
86000US13774,"13774",148,125
86000US13775,"13775",1806,274
86000US13776,"13776",404,103
86000US13777,"13777",396,184
86000US13778,"13778",5349,392
86000US13780,"13780",862,222
86000US13782,"13782",730,244
86000US13783,"13783",2331,329
86000US13784,"13784",294,154
86000US13786,"13786",366,144
86000US13787,"13787",3067,636
86000US13788,"13788",959,170
86000US13790,"13790",18584,580
86000US13795,"13795",2954,450
86000US13796,"13796",996,221
86000US13797,"13797",2061,279
86000US13801,"13801",1496,225
86000US13802,"13802",1079,526
86000US13803,"13803",4278,406
86000US13804,"13804",190,63
86000US13806,"13806",222,82
86000US13807,"13807",1296,325
86000US13808,"13808",1379,292
86000US13809,"13809",1964,388
86000US13810,"13810",1260,272
86000US13811,"13811",4120,273
86000US13812,"13812",2293,261
86000US13813,"13813",1131,806
86000US13814,"13814",18,20
86000US13815,"13815",12925,288
86000US13820,"13820",22500,534
86000US13825,"13825",3058,231
86000US13826,"13826",91,67
86000US13827,"13827",11770,731
86000US13830,"13830",4933,296
86000US13832,"13832",449,132
86000US13833,"13833",4297,587
86000US13834,"13834",118,99
86000US13835,"13835",1301,240
86000US13838,"13838",3984,355
86000US13839,"13839",1319,437
86000US13841,"13841",483,155
86000US13842,"13842",610,204
86000US13843,"13843",2094,334
86000US13844,"13844",638,175
86000US13846,"13846",369,135
86000US13847,"13847",17,17
86000US13849,"13849",4424,514
86000US13850,"13850",23544,93
86000US13856,"13856",6063,335
86000US13859,"13859",101,87
86000US13860,"13860",228,204
86000US13861,"13861",454,202
86000US13862,"13862",3702,270
86000US13863,"13863",473,112
86000US13864,"13864",1148,338
86000US13865,"13865",6000,256
86000US13901,"13901",19979,963
86000US13902,"13902",6405,75
86000US13903,"13903",18483,955
86000US13904,"13904",9499,876
86000US13905,"13905",27673,1183
86000US14001,"14001",9199,419
86000US14004,"14004",11658,497
86000US14005,"14005",2085,506
86000US14006,"14006",9402,665
86000US14008,"14008",1594,468
86000US14009,"14009",5477,294
86000US14011,"14011",7711,387
86000US14012,"14012",3020,270
86000US14013,"14013",1744,270
86000US14020,"14020",22442,486
86000US14024,"14024",1637,282
86000US14025,"14025",3754,611
86000US14026,"14026",506,255
86000US14027,"14027",34,32
86000US14028,"14028",1556,300
86000US14029,"14029",31,22
86000US14030,"14030",2045,306
86000US14031,"14031",9685,932
86000US14032,"14032",10572,1043
86000US14033,"14033",1460,327
86000US14034,"14034",2513,393
86000US14035,"14035",61,59
86000US14036,"14036",5406,712
86000US14037,"14037",963,261
86000US14039,"14039",70,25
86000US14040,"14040",1799,352
86000US14041,"14041",132,57
86000US14042,"14042",4403,365
86000US14043,"14043",24936,1175
86000US14047,"14047",6147,625
86000US14048,"14048",14859,337
86000US14051,"14051",19747,1347
86000US14052,"14052",17694,787
86000US14054,"14054",1356,234
86000US14055,"14055",1455,342
86000US14056,"14056",194,158
86000US14057,"14057",7688,287
86000US14058,"14058",2408,450
86000US14059,"14059",9629,545
86000US14060,"14060",356,102
86000US14061,"14061",93,55
86000US14062,"14062",3251,384
86000US14063,"14063",13123,409
86000US14065,"14065",1747,339
86000US14066,"14066",1093,181
86000US14067,"14067",4028,538
86000US14068,"14068",7990,895
86000US14069,"14069",630,229
86000US14070,"14070",6186,612
86000US14072,"14072",21416,25
86000US14075,"14075",44610,1066
86000US14080,"14080",4215,209
86000US14081,"14081",2910,333
86000US14082,"14082",671,246
86000US14083,"14083",10,15
86000US14085,"14085",8298,949
86000US14086,"14086",35121,687
86000US14091,"14091",1600,442
86000US14092,"14092",10522,552
86000US14094,"14094",50302,1214
86000US14098,"14098",3146,249
86000US14101,"14101",1843,340
86000US14102,"14102",1488,464
86000US14103,"14103",10783,274
86000US14105,"14105",5128,686
86000US14108,"14108",5263,708
86000US14109,"14109",1218,81
86000US14111,"14111",3150,331
86000US14112,"14112",54,67
86000US14113,"14113",686,188
86000US14120,"14120",44414,1123
86000US14125,"14125",3580,141
86000US14126,"14126",456,304
86000US14127,"14127",30652,713
86000US14129,"14129",1300,255
86000US14130,"14130",112,69
86000US14131,"14131",5182,768
86000US14132,"14132",6689,1353
86000US14134,"14134",72,47
86000US14135,"14135",141,118
86000US14136,"14136",5122,435
86000US14138,"14138",1864,364
86000US14139,"14139",2074,319
86000US14141,"14141",7492,441
86000US14143,"14143",1058,292
86000US14145,"14145",1206,255
86000US14150,"14150",41456,1364
86000US14166,"14166",231,185
86000US14167,"14167",1866,283
86000US14168,"14168",77,71
86000US14169,"14169",80,70
86000US14170,"14170",2223,454
86000US14171,"14171",1605,268
86000US14172,"14172",3091,368
86000US14173,"14173",188,163
86000US14174,"14174",5698,487
86000US14201,"14201",12623,1052
86000US14202,"14202",3664,570
86000US14203,"14203",2390,413
86000US14204,"14204",7666,787
86000US14206,"14206",21726,1347
86000US14207,"14207",25699,1706
86000US14208,"14208",11820,1233
86000US14209,"14209",8677,948
86000US14210,"14210",15382,1482
86000US14211,"14211",24143,1727
86000US14212,"14212",13295,1366
86000US14213,"14213",23980,1861
86000US14214,"14214",22113,1575
86000US14215,"14215",42368,1993
86000US14216,"14216",24009,1350
86000US14217,"14217",22921,661
86000US14218,"14218",20936,487
86000US14219,"14219",10854,774
86000US14220,"14220",23926,1484
86000US14221,"14221",55228,1859
86000US14222,"14222",15744,1378
86000US14223,"14223",22482,1360
86000US14224,"14224",40745,597
86000US14225,"14225",34063,1117
86000US14226,"14226",29273,1344
86000US14227,"14227",21329,1042
86000US14228,"14228",25038,1610
86000US14260,"14260",812,193
86000US14261,"14261",4818,206
86000US14301,"14301",12151,976
86000US14302,"14302",206,117
86000US14303,"14303",6159,766
86000US14304,"14304",28582,1345
86000US14305,"14305",16605,1012
86000US14411,"14411",12608,354
86000US14413,"14413",174,122
86000US14414,"14414",6783,313
86000US14415,"14415",127,95
86000US14416,"14416",3800,214
86000US14418,"14418",1103,189
86000US14420,"14420",19945,357
86000US14422,"14422",1763,280
86000US14423,"14423",4906,293
86000US14424,"14424",28582,532
86000US14425,"14425",13201,328
86000US14427,"14427",1721,237
86000US14428,"14428",7297,408
86000US14432,"14432",5520,610
86000US14433,"14433",4265,313
86000US14435,"14435",2296,290
86000US14437,"14437",9168,385
86000US14441,"14441",431,157
86000US14445,"14445",7689,458
86000US14450,"14450",43082,1136
86000US14453,"14453",0,13
86000US14454,"14454",11058,367
86000US14456,"14456",19796,586
86000US14462,"14462",803,212
86000US14463,"14463",302,149
86000US14464,"14464",6656,482
86000US14466,"14466",1697,414
86000US14467,"14467",10381,1151
86000US14468,"14468",18866,1183
86000US14469,"14469",5937,496
86000US14470,"14470",7654,266
86000US14471,"14471",2735,276
86000US14472,"14472",9139,508
86000US14475,"14475",298,108
86000US14476,"14476",2461,170
86000US14477,"14477",1672,372
86000US14478,"14478",1369,204
86000US14479,"14479",98,88
86000US14480,"14480",588,394
86000US14481,"14481",1775,222
86000US14482,"14482",8393,276
86000US14485,"14485",4102,216
86000US14486,"14486",255,116
86000US14487,"14487",5661,533
86000US14489,"14489",7054,324
86000US14502,"14502",10135,772
86000US14504,"14504",1534,234
86000US14505,"14505",4896,477
86000US14506,"14506",700,201
86000US14507,"14507",1054,217
86000US14510,"14510",4778,141
86000US14511,"14511",385,196
86000US14512,"14512",4855,352
86000US14513,"14513",13835,482
86000US14514,"14514",5899,733
86000US14515,"14515",138,132
86000US14516,"14516",2505,369
86000US14517,"14517",2776,189
86000US14519,"14519",12480,494
86000US14521,"14521",3366,199
86000US14522,"14522",9575,792
86000US14525,"14525",2536,354
86000US14526,"14526",19738,1158
86000US14527,"14527",12870,565
86000US14529,"14529",48,53
86000US14530,"14530",6498,257
86000US14532,"14532",3849,462
86000US14533,"14533",1822,248
86000US14534,"14534",33914,1231
86000US14536,"14536",643,127
86000US14537,"14537",117,95
86000US14539,"14539",187,158
86000US14541,"14541",3660,329
86000US14542,"14542",0,13
86000US14543,"14543",3217,260
86000US14544,"14544",2157,339
86000US14545,"14545",108,50
86000US14546,"14546",4920,382
86000US14548,"14548",4042,466
86000US14549,"14549",390,249
86000US14550,"14550",1233,233
86000US14551,"14551",4956,522
86000US14555,"14555",1203,253
86000US14556,"14556",1184,49
86000US14557,"14557",121,51
86000US14559,"14559",18375,879
86000US14560,"14560",2202,326
86000US14561,"14561",2382,381
86000US14564,"14564",16006,341
86000US14568,"14568",6349,703
86000US14569,"14569",6387,260
86000US14571,"14571",1306,259
86000US14572,"14572",4979,386
86000US14580,"14580",54520,1400
86000US14585,"14585",156,66
86000US14586,"14586",12720,1129
86000US14588,"14588",0,13
86000US14589,"14589",7838,431
86000US14590,"14590",5123,475
86000US14591,"14591",1573,278
86000US14592,"14592",113,64
86000US14604,"14604",2682,413
86000US14605,"14605",11348,862
86000US14606,"14606",27736,1402
86000US14607,"14607",17319,1131
86000US14608,"14608",12470,1286
86000US14609,"14609",41134,1749
86000US14610,"14610",14033,748
86000US14611,"14611",17753,1538
86000US14612,"14612",35265,1640
86000US14613,"14613",15132,1486
86000US14614,"14614",1126,316
86000US14615,"14615",18393,1546
86000US14616,"14616",27250,1713
86000US14617,"14617",21990,892
86000US14618,"14618",23783,1298
86000US14619,"14619",14073,1280
86000US14620,"14620",24292,1146
86000US14621,"14621",32976,1675
86000US14622,"14622",12770,899
86000US14623,"14623",25958,1130
86000US14624,"14624",39028,1350
86000US14625,"14625",10445,863
86000US14626,"14626",29138,1602
86000US14627,"14627",2892,54
86000US14642,"14642",0,13
86000US14701,"14701",39481,808
86000US14706,"14706",6051,267
86000US14707,"14707",93,47
86000US14708,"14708",155,86
86000US14709,"14709",1240,147
86000US14710,"14710",3125,322
86000US14711,"14711",1943,324
86000US14712,"14712",3089,247
86000US14714,"14714",544,153
86000US14715,"14715",2579,304
86000US14716,"14716",2602,263
86000US14717,"14717",564,112
86000US14718,"14718",2024,290
86000US14719,"14719",3398,368
86000US14720,"14720",870,244
86000US14721,"14721",175,76
86000US14722,"14722",189,91
86000US14723,"14723",1012,158
86000US14724,"14724",2955,513
86000US14726,"14726",2743,576
86000US14727,"14727",4939,292
86000US14728,"14728",1049,213
86000US14729,"14729",813,157
86000US14731,"14731",1220,205
86000US14732,"14732",18,20
86000US14733,"14733",3104,395
86000US14735,"14735",2725,328
86000US14736,"14736",154,73
86000US14737,"14737",4105,320
86000US14738,"14738",3542,198
86000US14739,"14739",2627,409
86000US14740,"14740",1112,167
86000US14741,"14741",1887,282
86000US14742,"14742",90,67
86000US14743,"14743",2171,374
86000US14744,"14744",2250,284
86000US14747,"14747",2073,256
86000US14748,"14748",505,116
86000US14750,"14750",4521,316
86000US14752,"14752",230,186
86000US14753,"14753",950,176
86000US14754,"14754",534,135
86000US14755,"14755",2858,329
86000US14756,"14756",0,13
86000US14757,"14757",3183,268
86000US14760,"14760",17675,435
86000US14767,"14767",2265,379
86000US14769,"14769",651,208
86000US14770,"14770",2888,311
86000US14772,"14772",3993,584
86000US14774,"14774",290,211
86000US14775,"14775",2565,417
86000US14777,"14777",613,142
86000US14778,"14778",1380,23
86000US14779,"14779",6899,146
86000US14781,"14781",1827,258
86000US14782,"14782",2169,306
86000US14783,"14783",128,57
86000US14784,"14784",750,161
86000US14785,"14785",130,144
86000US14787,"14787",4756,228
86000US14788,"14788",104,68
86000US14801,"14801",5263,424
86000US14802,"14802",4563,208
86000US14803,"14803",1546,222
86000US14804,"14804",1507,174
86000US14805,"14805",765,146
86000US14806,"14806",2149,334
86000US14807,"14807",3034,291
86000US14808,"14808",550,176
86000US14809,"14809",2905,535
86000US14810,"14810",11484,359
86000US14812,"14812",3286,325
86000US14813,"14813",2213,296
86000US14814,"14814",1784,342
86000US14815,"14815",727,135
86000US14816,"14816",595,280
86000US14817,"14817",2911,292
86000US14818,"14818",1765,317
86000US14819,"14819",625,115
86000US14820,"14820",531,104
86000US14821,"14821",3333,284
86000US14822,"14822",850,126
86000US14823,"14823",3851,122
86000US14824,"14824",768,242
86000US14825,"14825",755,230
86000US14826,"14826",1923,209
86000US14827,"14827",16,23
86000US14830,"14830",19127,458
86000US14836,"14836",835,154
86000US14837,"14837",5596,402
86000US14838,"14838",2133,330
86000US14839,"14839",594,133
86000US14840,"14840",2577,245
86000US14841,"14841",743,246
86000US14842,"14842",847,362
86000US14843,"14843",12418,275
86000US14845,"14845",20756,649
86000US14846,"14846",952,270
86000US14847,"14847",2409,305
86000US14850,"14850",65740,915
86000US14853,"14853",2202,100
86000US14854,"14854",95,89
86000US14855,"14855",871,150
86000US14856,"14856",0,13
86000US14858,"14858",1395,238
86000US14859,"14859",1141,285
86000US14860,"14860",1121,207
86000US14861,"14861",1138,246
86000US14864,"14864",1033,292
86000US14865,"14865",2647,293
86000US14867,"14867",5242,164
86000US14869,"14869",1471,282
86000US14870,"14870",9970,448
86000US14871,"14871",4551,574
86000US14872,"14872",542,230
86000US14873,"14873",1995,226
86000US14874,"14874",155,100
86000US14877,"14877",684,200
86000US14878,"14878",858,247
86000US14879,"14879",2254,285
86000US14880,"14880",1520,260
86000US14881,"14881",250,128
86000US14882,"14882",3678,624
86000US14883,"14883",4540,486
86000US14884,"14884",303,67
86000US14885,"14885",590,141
86000US14886,"14886",6544,584
86000US14889,"14889",1270,155
86000US14891,"14891",4416,283
86000US14892,"14892",7552,370
86000US14893,"14893",34,42
86000US14894,"14894",1440,217
86000US14895,"14895",9168,349
86000US14897,"14897",716,152
86000US14898,"14898",1549,269
86000US14901,"14901",14906,906
86000US14903,"14903",7090,620
86000US14904,"14904",14285,722
86000US14905,"14905",8852,810
